{
	"format_version": "1.8.0",
	"animations": {
		"animation.terastal_transformation.transform": {
			"loop": true,
			"animation_length": 1.625,
			"bones": {
				"crysta_2": {
					"rotation": {
						"0.0": [-12.39, 12.99, 12.52],
						"0.2917": [-12.38919, 12.98522, 12.52144],
						"0.4167": [-12.38919, 12.98522, 12.52144],
						"1.5833": [-12.39, 12.99, 12.52],
						"1.625": [-12.39, 12.99, 12.52]
					},
					"position": {
						"0.0": [-15.08, -62.24, -7.8],
						"0.2917": [-15.08206, -62.23995, -7.79826],
						"0.4167": [4.58819, 9.4303, 8.09065],
						"1.5833": [4.59, 9.43, 8.09],
						"1.625": [-15.08, -62.24, -7.8]
					},
					"scale": {
						"0.0": [0, 0, 0],
						"0.2917": {"pre": [0, 0, 0], "post": [1, 1, 1]},
						"1.625": {"pre": [1, 1, 1], "post": [0, 0, 0]}
					}
				},
				"crysta_1": {
					"rotation": {
						"0.0": [12.47, -0.65, 14.96],
						"0.0833": [12.47178, -0.65182, 14.95744],
						"0.3333": [12.47178, -0.65182, 14.95744],
						"1.5833": [12.47, -0.65, 14.96],
						"1.625": [12.47, -0.65, 14.96]
					},
					"position": {
						"0.0": [-17.04, -74.16, 14.47],
						"0.0833": [-17.04376, -74.15994, 14.4683],
						"0.3333": [0, -11, 0],
						"1.5833": [0, -11, 0],
						"1.625": [-17.04, -74.16, 14.47]
					},
					"scale": {
						"0.0": [0, 0, 0],
						"0.0833": {"pre": [0, 0, 0], "post": [1, 1, 1]},
						"1.625": {"pre": [1, 1, 1], "post": [0, 0, 0]}
					}
				},
				"crysta_3": {
					"rotation": {
						"0.0": [15.69, -16.89, 17.83],
						"0.0417": [15.69284, -16.88547, 17.8347],
						"0.2917": [15.69284, -16.88547, 17.8347],
						"1.5833": [15.69, -16.89, 17.83],
						"1.625": [15.69, -16.89, 17.83]
					},
					"position": {
						"0.0": [-14.59, -60.3, 5.72],
						"0.0417": [-14.59112, -60.29715, 5.71741],
						"0.2917": [5, -13, -8],
						"1.5833": [5, -13, -8],
						"1.625": [-14.59, -60.3, 5.72]
					},
					"scale": {
						"0.0": [0, 0, 0],
						"0.0417": {"pre": [0, 0, 0], "post": [1, 1, 1]},
						"1.625": {"pre": [1, 1, 1], "post": [0, 0, 0]}
					}
				},
				"total": {
					"rotation": {
						"0.0": [0, 0, 0],
						"0.4167": [0, 0, 0],
						"1.5833": ["-0-math.sin(q.anim_time*90*48-90)*0.5", "-0-math.sin(q.anim_time*90*48-45)*0.5", "0+math.sin(q.anim_time*90*48)*0.5"],
						"1.625": [0, 0, 0]
					},
					"position": {
						"0.0": [0, 70, 0],
						"0.4167": [0, 70, 0],
						"1.5833": [0, 70, 0],
						"1.625": [0, 70, 0]
					}
				},
				"crysta_4": {
					"rotation": {
						"0.0": [-16.89, -9.18, 31.07],
						"0.2917": [-16.88832, -9.17772, 31.06618],
						"0.4167": [-16.88832, -9.17772, 31.06618],
						"1.5833": [-16.89, -9.18, 31.07],
						"1.625": [-16.89, -9.18, 31.07]
					},
					"position": {
						"0.0": [-23.79, -67.05, -2.08],
						"0.2917": [-23.78585, -67.04784, -2.07518],
						"0.4167": [8, -8, 18],
						"1.5833": [8, -8, 18],
						"1.625": [-23.79, -67.05, -2.08]
					},
					"scale": {
						"0.0": [0, 0, 0],
						"0.2917": {"pre": [0, 0, 0], "post": [1, 1, 1]},
						"1.625": {"pre": [1, 1, 1], "post": [0, 0, 0]}
					}
				},
				"crysta_5": {
					"rotation": {
						"0.0": [-17.38, 10.6, -16.38],
						"0.125": [-17.37809, 10.60127, -16.38144],
						"0.375": [-17.37809, 10.60127, -16.38144],
						"1.5833": [-17.38, 10.6, -16.38],
						"1.625": [-17.38, 10.6, -16.38]
					},
					"position": {
						"0.0": [3.4, -67.14, -0.95],
						"0.125": [3.39737, -67.14435, -0.95412],
						"0.375": [-15, 12, 24],
						"1.5833": [-15, 12, 24],
						"1.625": [3.4, -67.14, -0.95]
					},
					"scale": {
						"0.0": [0, 0, 0],
						"0.125": {"pre": [0, 0, 0], "post": [1, 1, 1]},
						"1.625": {"pre": [1, 1, 1], "post": [0, 0, 0]}
					}
				},
				"crysta_6": {
					"rotation": {
						"0.0": [10.35, 14.77, -4.84],
						"0.0417": [10.34527, 14.76689, -4.83601],
						"0.2917": [10.34527, 14.76689, -4.83601],
						"1.5833": [10.35, 14.77, -4.84],
						"1.625": [10.35, 14.77, -4.84]
					},
					"position": {
						"0.0": [-12.22, -43.94, -5.19],
						"0.0417": [-12.21556, -43.93722, -5.18583],
						"0.2917": [-18, 0, -13],
						"1.5833": [-18, 0, -13],
						"1.625": [-12.22, -43.94, -5.19]
					},
					"scale": {
						"0.0": [0, 0, 0],
						"0.0417": {"pre": [0, 0, 0], "post": [1, 1, 1]},
						"1.625": {"pre": [1, 1, 1], "post": [0, 0, 0]}
					}
				},
				"crysta_7": {
					"rotation": {
						"0.0": [-2.21, -2.69, 5.29],
						"0.3333": [-2.2127, -2.68507, 5.2873],
						"0.4583": [-2.2127, -2.68507, 5.2873],
						"1.5833": [-2.21, -2.69, 5.29],
						"1.625": [-2.21, -2.69, 5.29]
					},
					"position": {
						"0.0": [-14.22, -72.61, 12.91],
						"0.3333": [-14.22242, -72.61355, 12.91465],
						"0.4583": [-5.82636, 19.9372, 16.50137],
						"1.5833": [-5.83, 19.94, 16.5],
						"1.625": [-14.22, -72.61, 12.91]
					},
					"scale": {
						"0.0": [0, 0, 0],
						"0.3333": {"pre": [0, 0, 0], "post": [1, 1, 1]},
						"1.625": {"pre": [1, 1, 1], "post": [0, 0, 0]}
					}
				},
				"crysta_8": {
					"rotation": {
						"0.0": [7.66, -12.07, -4.13],
						"0.2917": [7.66309, -12.06548, -4.13255],
						"0.4167": [7.66309, -12.06548, -4.13255],
						"1.5833": [7.66, -12.07, -4.13],
						"1.625": [7.66, -12.07, -4.13]
					},
					"position": {
						"0.0": [-5.95, -64.34, 18.13],
						"0.2917": [-5.94664, -64.33509, 18.12814],
						"0.4167": [-9.43619, 14.90501, 7.69598],
						"1.5833": [-9.44, 14.91, 7.7],
						"1.625": [-5.95, -64.34, 18.13]
					},
					"scale": {
						"0.0": [0, 0, 0],
						"0.2917": {"pre": [0, 0, 0], "post": [1, 1, 1]},
						"1.625": {"pre": [1, 1, 1], "post": [0, 0, 0]}
					}
				},
				"crysta_9": {
					"rotation": {
						"0.0": [-12.79, 12.2, -17.75],
						"0.0833": [-12.79362, 12.19908, -17.74715],
						"0.3333": [-12.79362, 12.19908, -17.74715],
						"1.5833": [-12.79, 12.2, -17.75],
						"1.625": [-12.79, 12.2, -17.75]
					},
					"position": {
						"0.0": [-11.84, -49.58, -5.99],
						"0.0833": [-11.83896, -49.58177, -5.98638],
						"0.3333": [-27, 7, 7],
						"1.5833": [-27, 7, 7],
						"1.625": [-11.84, -49.58, -5.99]
					},
					"scale": {
						"0.0": [0, 0, 0],
						"0.0833": {"pre": [0, 0, 0], "post": [1, 1, 1]},
						"1.625": {"pre": [1, 1, 1], "post": [0, 0, 0]}
					}
				},
				"crysta_10": {
					"rotation": {
						"0.0": [-27.7, -6.65, 3.48],
						"0.0417": [-27.70212, -6.64851, 3.47875],
						"0.2917": [-27.70212, -6.64851, 3.47875],
						"1.5833": [-27.7, -6.65, 3.48],
						"1.625": [-27.7, -6.65, 3.48]
					},
					"position": {
						"0.0": [-23, -59.43, -1.94],
						"0.0417": [-23, -59.42973, -1.93716],
						"0.2917": [-23, 0, 29],
						"1.5833": [-23, 0, 29],
						"1.625": [-23, -59.43, -1.94]
					},
					"scale": {
						"0.0": [0, 0, 0],
						"0.0417": {"pre": [0, 0, 0], "post": [1, 1, 1]},
						"1.625": {"pre": [1, 1, 1], "post": [0, 0, 0]}
					}
				},
				"crysta_11": {
					"rotation": {
						"0.0": [-26.58942, 24.82357, 8.72555],
						"0.125": [-26.58942, 24.82357, 8.72555],
						"1.5833": [-26.59, 24.82, 8.73],
						"1.625": [-26.58942, 24.82357, 8.72555]
					},
					"position": {
						"0.0": [-16.81896, -65.73204, -7.84293],
						"0.125": [6, -5, 21],
						"1.5833": [6, -5, 21],
						"1.625": [-16.81896, -65.73204, -7.84293]
					},
					"scale": {
						"0.0": [1, 1, 1],
						"1.625": {"pre": [1, 1, 1], "post": [0, 0, 0]}
					}
				},
				"particles": {
					"position": [0, -38, 0]
				}
			}
		}
	}
}